dataset,variant,noise,seed,status,kind,truth_known,fit_seconds,total_seconds,front_size,success_front,success_selected,hamming_min,hamming_selected,coef_error,selected,error
ac,default,0.0,0,ok,pde_1d,True,35.38574825000251,36.664393667000695,3.0,True,False,0.0,2.0,0.12176063011767856,"-4.987910627314076 * u{power: 3.0} + 4.990993660026982 * u{power: 1.0} + 0.00016460848763710933 * x{power: 1.0, dim: 0.0} * d^2u/dx1^2{power: 1.0} + 0.0 = du/dx0{power: 1.0}",
ac,default,0.0,1,ok,pde_1d,True,39.70132554099837,41.22667695800192,3.0,True,False,0.0,2.0,0.12176063011765369,"4.9909936600269935 * u{power: 1.0} + -4.98791062731409 * u{power: 3.0} + 0.00016460848763711497 * x{power: 1.0, dim: 0.0} * d^2u/dx1^2{power: 1.0} + 0.0 = du/dx0{power: 1.0}",
ac,default,0.0,2,ok,pde_1d,True,31.012419749997207,32.54953012499027,3.0,True,False,0.0,2.0,0.12176063011766956,"-4.987910627314072 * u{power: 3.0} + 0.00016460848763710713 * x{power: 1.0, dim: 0.0} * d^2u/dx1^2{power: 1.0} + 4.990993660026978 * u{power: 1.0} + 0.0 = du/dx0{power: 1.0}",
ac,default,0.0,3,ok,pde_1d,True,40.49094004200015,41.918903583005886,2.0,False,False,1.0,1.0,,4.968611741148639 * u{power: 1.0} + -4.968266844831166 * u{power: 3.0} + 0.0 = du/dx0{power: 1.0},
ac,default,0.0,4,ok,pde_1d,True,48.23845312499907,49.821813874994405,3.0,True,False,0.0,2.0,0.12176063011767856,"-4.987910627314076 * u{power: 3.0} + 0.0001646084876371092 * x{power: 1.0, dim: 0.0} * d^2u/dx1^2{power: 1.0} + 4.990993660026982 * u{power: 1.0} + 0.0 = du/dx0{power: 1.0}",
ac,pysindy,0.0,0,ok,pde_1d,True,8.11057858300046,8.194589165999787,1.0,False,False,1.0,1.0,,4.981113257467765 * u{power: 1.0} + -4.980700708410092 * u{power: 3.0} = du/dx0{power: 1.0},
ac,pysindy,0.0,1,ok,pde_1d,True,8.058676333006588,8.154191583002103,1.0,False,False,1.0,1.0,,4.981113257467765 * u{power: 1.0} + -4.980700708410092 * u{power: 3.0} = du/dx0{power: 1.0},
ac,pysindy,0.0,2,ok,pde_1d,True,8.957003624993376,9.029752499991446,1.0,False,False,1.0,1.0,,4.981113257467765 * u{power: 1.0} + -4.980700708410092 * u{power: 3.0} = du/dx0{power: 1.0},
ac,pysindy,0.0,3,ok,pde_1d,True,9.874514750001254,9.954164916998707,1.0,False,False,1.0,1.0,,4.981113257467765 * u{power: 1.0} + -4.980700708410092 * u{power: 3.0} = du/dx0{power: 1.0},
ac,pysindy,0.0,4,ok,pde_1d,True,10.54639445799694,10.618943875000696,1.0,False,False,1.0,1.0,,4.981113257467765 * u{power: 1.0} + -4.980700708410092 * u{power: 3.0} = du/dx0{power: 1.0},
burgers,default,0.0,0,ok,pde_1d,True,64.24166258399782,66.67181258399796,2.0,True,False,0.0,1.0,0.006912078397559265,-0.00011327905523699908 * d^4u/dx1^4{power: 1.0} + 0.1001560822009509 * d^2u/dx1^2{power: 1.0} + -1.0015693115872306 * u{power: 1.0} * du/dx1{power: 1.0} + 0.0 = du/dx0{power: 1.0},
burgers,default,0.0,1,ok,pde_1d,True,67.24356762498792,69.57412229200418,2.0,True,True,0.0,0.0,0.006912078397559196,-1.0007844013113776 * du/dx1{power: 1.0} * u{power: 1.0} + 0.10130397554837409 * d^2u/dx1^2{power: 1.0} + 0.0 = du/dx0{power: 1.0},
burgers,default,0.0,2,ok,pde_1d,True,62.11304820800433,63.987877749998006,2.0,True,True,0.0,0.0,0.006912078397559057,-1.0007844013113776 * u{power: 1.0} * du/dx1{power: 1.0} + 0.10130397554837406 * d^2u/dx1^2{power: 1.0} + 0.0 = du/dx0{power: 1.0},
burgers,default,0.0,3,ok,pde_1d,True,58.735639082995476,60.54122345799988,2.0,True,True,0.0,0.0,0.006912078397559307,0.10130397554837409 * d^2u/dx1^2{power: 1.0} + -1.0007844013113778 * du/dx1{power: 1.0} * u{power: 1.0} + 0.0 = du/dx0{power: 1.0},
burgers,default,0.0,4,ok,pde_1d,True,58.513758875007625,60.29245962500863,2.0,True,False,0.0,1.0,0.006912078397559265,-0.00011327905523699908 * d^4u/dx1^4{power: 1.0} + 0.1001560822009509 * d^2u/dx1^2{power: 1.0} + -1.0015693115872306 * du/dx1{power: 1.0} * u{power: 1.0} + 0.0 = du/dx0{power: 1.0},
burgers,pysindy,0.0,0,ok,pde_1d,True,23.25403679101146,23.38751083299576,1.0,True,True,0.0,0.0,0.007043133000736876,0.10133041968189589 * d^2u/dx1^2{power: 1.0} + -1.0007820691825149 * u{power: 1.0} * du/dx1{power: 1.0} = du/dx0{power: 1.0},
burgers,pysindy,0.0,1,ok,pde_1d,True,23.654826708007022,23.791051916996366,1.0,True,True,0.0,0.0,0.007043133000736876,0.10133041968189589 * d^2u/dx1^2{power: 1.0} + -1.0007820691825149 * u{power: 1.0} * du/dx1{power: 1.0} = du/dx0{power: 1.0},
burgers,pysindy,0.0,2,ok,pde_1d,True,24.331238458005828,24.51671808300307,1.0,True,True,0.0,0.0,0.007043133000736876,0.10133041968189589 * d^2u/dx1^2{power: 1.0} + -1.0007820691825149 * u{power: 1.0} * du/dx1{power: 1.0} = du/dx0{power: 1.0},
burgers,pysindy,0.0,3,ok,pde_1d,True,25.118454583003768,25.31101045801188,1.0,True,True,0.0,0.0,0.007043133000736876,0.10133041968189589 * d^2u/dx1^2{power: 1.0} + -1.0007820691825149 * u{power: 1.0} * du/dx1{power: 1.0} = du/dx0{power: 1.0},
burgers,pysindy,0.0,4,ok,pde_1d,True,23.541409166995436,23.731871083000442,1.0,True,True,0.0,0.0,0.007043133000736876,0.10133041968189589 * d^2u/dx1^2{power: 1.0} + -1.0007820691825149 * u{power: 1.0} * du/dx1{power: 1.0} = du/dx0{power: 1.0},
burgers_inviscid,default,0.0,0,ok,pde_1d,True,103.1778788750089,105.06449612499273,1.0,True,True,0.0,0.0,6.661338147750939e-16,"1.0000000000000007 * u{power: 1.0} + 0.0 = x{power: 1.0, dim: 1.0} * du/dx1{power: 1.0}",
burgers_inviscid,default,0.0,1,ok,pde_1d,True,106.53053291600372,108.23016175000521,1.0,True,True,0.0,0.0,6.661338147750939e-16,"1.0000000000000007 * u{power: 1.0} + 0.0 = x{power: 1.0, dim: 1.0} * du/dx1{power: 1.0}",
burgers_inviscid,default,0.0,2,ok,pde_1d,True,108.86518387500837,111.00009795800725,1.0,True,True,0.0,0.0,6.661338147750939e-16,"1.0000000000000007 * u{power: 1.0} + 0.0 = x{power: 1.0, dim: 1.0} * du/dx1{power: 1.0}",
burgers_inviscid,default,0.0,3,ok,pde_1d,True,109.2695350409922,111.2761412079999,1.0,True,True,0.0,0.0,6.661338147750939e-16,"1.0000000000000007 * u{power: 1.0} + 0.0 = x{power: 1.0, dim: 1.0} * du/dx1{power: 1.0}",
burgers_inviscid,default,0.0,4,ok,pde_1d,True,99.5870227090054,102.30323870899156,1.0,True,True,0.0,0.0,6.661338147750939e-16,"1.0000000000000007 * u{power: 1.0} + 0.0 = du/dx1{power: 1.0} * x{power: 1.0, dim: 1.0}",
burgers_inviscid,pysindy,0.0,0,ok,pde_1d,True,12.522313207999105,12.593239416004508,1.0,True,True,0.0,0.0,4.617384247707079e-05,-1.000046173842477 * u{power: 1.0} * du/dx1{power: 1.0} = du/dx0{power: 1.0},
burgers_inviscid,pysindy,0.0,1,ok,pde_1d,True,10.892098083990277,10.97735595901031,1.0,True,True,0.0,0.0,4.617384247707079e-05,-1.000046173842477 * u{power: 1.0} * du/dx1{power: 1.0} = du/dx0{power: 1.0},
burgers_inviscid,pysindy,0.0,2,ok,pde_1d,True,10.562329624997801,10.634403790987562,1.0,True,True,0.0,0.0,4.617384247707079e-05,-1.000046173842477 * u{power: 1.0} * du/dx1{power: 1.0} = du/dx0{power: 1.0},
burgers_inviscid,pysindy,0.0,3,ok,pde_1d,True,10.747988332994282,10.81979679199867,1.0,True,True,0.0,0.0,4.617384247707079e-05,-1.000046173842477 * u{power: 1.0} * du/dx1{power: 1.0} = du/dx0{power: 1.0},
burgers_inviscid,pysindy,0.0,4,ok,pde_1d,True,11.087292458003503,11.159661832993152,1.0,True,True,0.0,0.0,4.617384247707079e-05,-1.000046173842477 * u{power: 1.0} * du/dx1{power: 1.0} = du/dx0{power: 1.0},
duffing,default,0.0,0,ok,ode,True,32.640769250007,33.89655520800443,1.0,True,True,0.0,0.0,0.0006712376434706471,"0.29983285657910047 * cos{power: 1.0, freq: 1.0, dim: 0.0} + -0.19988944018427807 * du/dx0{power: 1.0} + -1.0002512960696779 * u{power: 1.0} + -0.9986763439179497 * u{power: 3.0} + 0.0 = d^2u/dx0^2{power: 1.0}",
duffing,default,0.0,1,ok,ode,True,35.32559870799014,36.718541541995364,1.0,True,True,0.0,0.0,0.0006712376434720094,"-1.0002512960696797 * u{power: 1.0} + 0.2998328565791005 * cos{power: 1.0, freq: 1.0, dim: 0.0} + -0.1998894401842781 * du/dx0{power: 1.0} + -0.9986763439179457 * u{power: 3.0} + 0.0 = d^2u/dx0^2{power: 1.0}",
duffing,default,0.0,2,ok,ode,True,34.634229832998244,36.156556208006805,1.0,True,True,0.0,0.0,0.0006712376434721181,"-0.19988944018427796 * du/dx0{power: 1.0} + 0.2998328565791003 * cos{power: 1.0, freq: 1.0, dim: 0.0} + -1.0002512960696792 * u{power: 1.0} + -0.9986763439179462 * u{power: 3.0} + 0.0 = d^2u/dx0^2{power: 1.0}",
duffing,default,0.0,3,ok,ode,True,34.09744895801123,35.556871332999435,1.0,True,True,0.0,0.0,0.0006712376434720534,"-1.0002512960696794 * u{power: 1.0} + -0.19988944018427807 * du/dx0{power: 1.0} + 0.2998328565791004 * cos{power: 1.0, freq: 1.0, dim: 0.0} + -0.9986763439179458 * u{power: 3.0} + 0.0 = d^2u/dx0^2{power: 1.0}",
duffing,default,0.0,4,ok,ode,True,35.373263166999095,36.869997707995935,1.0,True,True,0.0,0.0,0.0006712376434705106,"-0.19988944018427787 * du/dx0{power: 1.0} + 0.2998328565791002 * cos{power: 1.0, freq: 1.0, dim: 0.0} + -0.9986763439179512 * u{power: 3.0} + -1.000251296069677 * u{power: 1.0} + 0.0 = d^2u/dx0^2{power: 1.0}",
duffing,pysindy,0.0,0,ok,ode,True,1.7513671250053449,1.823335541994311,1.0,True,True,0.0,0.0,0.0007055890570776386,"-1.0002260974938344 * u{power: 1.0} + -0.9987090151666772 * u{power: 3.0} + -0.1998614664520867 * du/dx0{power: 1.0} + 0.2998162345324021 * cos{power: 1.0, freq: 1.0, dim: 0.0} = d^2u/dx0^2{power: 1.0}",
duffing,pysindy,0.0,1,ok,ode,True,1.7556259160046466,1.8046164999977918,1.0,True,True,0.0,0.0,0.0007055890570776386,"-1.0002260974938344 * u{power: 1.0} + -0.9987090151666772 * u{power: 3.0} + -0.1998614664520867 * du/dx0{power: 1.0} + 0.2998162345324021 * cos{power: 1.0, freq: 1.0, dim: 0.0} = d^2u/dx0^2{power: 1.0}",
duffing,pysindy,0.0,2,ok,ode,True,1.8739891659934074,1.922752958998899,1.0,True,True,0.0,0.0,0.0007055890570776386,"-1.0002260974938344 * u{power: 1.0} + -0.9987090151666772 * u{power: 3.0} + -0.1998614664520867 * du/dx0{power: 1.0} + 0.2998162345324021 * cos{power: 1.0, freq: 1.0, dim: 0.0} = d^2u/dx0^2{power: 1.0}",
duffing,pysindy,0.0,3,ok,ode,True,1.7476733749936102,1.7992566250031814,1.0,True,True,0.0,0.0,0.0007055890570776386,"-1.0002260974938344 * u{power: 1.0} + -0.9987090151666772 * u{power: 3.0} + -0.1998614664520867 * du/dx0{power: 1.0} + 0.2998162345324021 * cos{power: 1.0, freq: 1.0, dim: 0.0} = d^2u/dx0^2{power: 1.0}",
duffing,pysindy,0.0,4,ok,ode,True,1.8143089590012096,1.8671317080006702,1.0,True,True,0.0,0.0,0.0007055890570776386,"-1.0002260974938344 * u{power: 1.0} + -0.9987090151666772 * u{power: 3.0} + -0.1998614664520867 * du/dx0{power: 1.0} + 0.2998162345324021 * cos{power: 1.0, freq: 1.0, dim: 0.0} = d^2u/dx0^2{power: 1.0}",
kdv,default,0.0,0,ok,pde_1d,True,179.97524133299885,181.63020012500056,1.0,False,False,4.0,4.0,,-1.5009254280938245 * du/dx0{power: 1.0} * du/dx1{power: 1.0} + -0.5006666207700626 * du/dx1{power: 2.0} + 0.0 = du/dx0{power: 2.0},
kdv,default,0.0,1,ok,pde_1d,True,179.05961462498817,180.83403420799004,1.0,False,False,6.0,6.0,,1.2532812975084133 * d^2u/dx0^2{power: 1.0} * d^2u/dx1^2{power: 1.0} + -0.25170063749977356 * d^2u/dx1^2{power: 2.0} + 0.0 = d^2u/dx0^2{power: 2.0},
kdv,default,0.0,2,ok,pde_1d,True,214.56527762500627,216.66206358300406,1.0,False,False,7.0,7.0,,0.9998858217898835 * d^2u/dx1^2{power: 1.0} * d^2u/dx0^2{power: 1.0} + -0.26957858422349024 * d^4u/dx1^4{power: 1.0} * d^2u/dx0^2{power: 1.0} + 0.26886646826147537 * d^4u/dx1^4{power: 1.0} * d^2u/dx1^2{power: 1.0} + 0.0 = d^2u/dx0^2{power: 2.0},
kdv,default,0.0,3,ok,pde_1d,True,235.55188508299761,238.55643166600203,1.0,True,True,0.0,0.0,0.009699413352610597,0.9887639490007764 * du/dx1{power: 2.0} + -0.9918372242940025 * u{power: 3.0} + 0.0 = d^2u/dx1^2{power: 1.0} * u{power: 1.0},
kdv,default,0.0,4,ok,pde_1d,True,233.0031585830002,234.82941404200392,1.0,True,True,0.0,0.0,0.009699413352610597,0.9887639490007764 * du/dx1{power: 2.0} + -0.9918372242940025 * u{power: 3.0} + 0.0 = u{power: 1.0} * d^2u/dx1^2{power: 1.0},
kdv,pysindy,0.0,0,ok,pde_1d,True,189.45715612499043,189.66238991600403,1.0,False,False,5.0,5.0,,-0.7463709093881162 * u{power: 1.0} + 6.721198271372966 * u{power: 2.0} + -8.985191483114864 * u{power: 3.0} + -4.452926915906277 * du/dx1{power: 2.0} + 1.7459306244397517 * d^2u/dx1^2{power: 1.0} = d^2u/dx0^2{power: 1.0},
kdv,pysindy,0.0,1,ok,pde_1d,True,157.71289941600116,157.94275445899984,1.0,False,False,5.0,5.0,,-0.7463709093881162 * u{power: 1.0} + 6.721198271372966 * u{power: 2.0} + -8.985191483114864 * u{power: 3.0} + -4.452926915906277 * du/dx1{power: 2.0} + 1.7459306244397517 * d^2u/dx1^2{power: 1.0} = d^2u/dx0^2{power: 1.0},
kdv,pysindy,0.0,2,ok,pde_1d,True,154.786734541005,155.04335287499998,1.0,False,False,5.0,5.0,,-0.7463709093881162 * u{power: 1.0} + 6.721198271372966 * u{power: 2.0} + -8.985191483114864 * u{power: 3.0} + -4.452926915906277 * du/dx1{power: 2.0} + 1.7459306244397517 * d^2u/dx1^2{power: 1.0} = d^2u/dx0^2{power: 1.0},
kdv,pysindy,0.0,3,ok,pde_1d,True,149.56179116699786,149.77395862500998,1.0,False,False,5.0,5.0,,-0.7463709093881162 * u{power: 1.0} + 6.721198271372966 * u{power: 2.0} + -8.985191483114864 * u{power: 3.0} + -4.452926915906277 * du/dx1{power: 2.0} + 1.7459306244397517 * d^2u/dx1^2{power: 1.0} = d^2u/dx0^2{power: 1.0},
kdv,pysindy,0.0,4,ok,pde_1d,True,148.21717520800303,148.39916166599141,1.0,False,False,5.0,5.0,,-0.7463709093881162 * u{power: 1.0} + 6.721198271372966 * u{power: 2.0} + -8.985191483114864 * u{power: 3.0} + -4.452926915906277 * du/dx1{power: 2.0} + 1.7459306244397517 * d^2u/dx1^2{power: 1.0} = d^2u/dx0^2{power: 1.0},
kdv_cossin,default,0.0,0,ok,pde_1d,True,94.00188724999316,96.05040354200173,1.0,True,True,0.0,0.0,0.0009277134419876593,-0.9994207971050806 * du/dx0{power: 1.0} + 1.000190622504134 * cos(t)sin(x){power: 1.0} + -6.005119782804822 * u{power: 1.0} * du/dx1{power: 1.0} + 0.0 = d^3u/dx1^3{power: 1.0},
kdv_cossin,default,0.0,1,ok,pde_1d,True,94.47713333299907,95.6039874170092,1.0,True,True,0.0,0.0,0.0009277134419876593,-0.9994207971050806 * du/dx0{power: 1.0} + 1.000190622504134 * cos(t)sin(x){power: 1.0} + -6.005119782804822 * u{power: 1.0} * du/dx1{power: 1.0} + 0.0 = d^3u/dx1^3{power: 1.0},
kdv_cossin,default,0.0,2,ok,pde_1d,True,99.3124402090034,100.77534708300664,1.0,True,True,0.0,0.0,0.0009277134419868697,-0.9994207971050815 * du/dx0{power: 1.0} + 1.0001906225041335 * cos(t)sin(x){power: 1.0} + -6.005119782804827 * du/dx1{power: 1.0} * u{power: 1.0} + 0.0 = d^3u/dx1^3{power: 1.0},
kdv_cossin,default,0.0,3,ok,pde_1d,True,94.37420166599622,95.61762116700993,1.0,True,True,0.0,0.0,0.0009277134419868697,-0.9994207971050815 * du/dx0{power: 1.0} + 1.0001906225041335 * cos(t)sin(x){power: 1.0} + -6.005119782804827 * u{power: 1.0} * du/dx1{power: 1.0} + 0.0 = d^3u/dx1^3{power: 1.0},
kdv_cossin,default,0.0,4,ok,pde_1d,True,98.33127366700501,99.67939774999104,1.0,True,True,0.0,0.0,0.0009277134419929635,-6.005119782804877 * u{power: 1.0} * du/dx1{power: 1.0} + 1.0001906225041342 * cos(t)sin(x){power: 1.0} + -0.9994207971050784 * du/dx0{power: 1.0} + 0.0 = d^3u/dx1^3{power: 1.0},
kdv_cossin,pysindy,0.0,0,ok,pde_1d,True,7.311401250000927,7.349630833006813,1.0,True,True,0.0,0.0,0.0011403553825945058,-1.0006705065022012 * d^3u/dx1^3{power: 1.0} + 1.0009093788693142 * cos(t)sin(x){power: 1.0} + -6.0110470846576085 * u{power: 1.0} * du/dx1{power: 1.0} = du/dx0{power: 1.0},
kdv_cossin,pysindy,0.0,1,ok,pde_1d,True,7.036147125007119,7.083964499994181,1.0,True,True,0.0,0.0,0.0011403553825945058,-1.0006705065022012 * d^3u/dx1^3{power: 1.0} + 1.0009093788693142 * cos(t)sin(x){power: 1.0} + -6.0110470846576085 * u{power: 1.0} * du/dx1{power: 1.0} = du/dx0{power: 1.0},
kdv_cossin,pysindy,0.0,2,ok,pde_1d,True,7.165931167008239,7.209504957994795,1.0,True,True,0.0,0.0,0.0011403553825945058,-1.0006705065022012 * d^3u/dx1^3{power: 1.0} + 1.0009093788693142 * cos(t)sin(x){power: 1.0} + -6.0110470846576085 * u{power: 1.0} * du/dx1{power: 1.0} = du/dx0{power: 1.0},
kdv_cossin,pysindy,0.0,3,ok,pde_1d,True,7.078947417001473,7.12425666701165,1.0,True,True,0.0,0.0,0.0011403553825945058,-1.0006705065022012 * d^3u/dx1^3{power: 1.0} + 1.0009093788693142 * cos(t)sin(x){power: 1.0} + -6.0110470846576085 * u{power: 1.0} * du/dx1{power: 1.0} = du/dx0{power: 1.0},
kdv_cossin,pysindy,0.0,4,ok,pde_1d,True,7.101066999995965,7.142689166008495,1.0,True,True,0.0,0.0,0.0011403553825945058,-1.0006705065022012 * d^3u/dx1^3{power: 1.0} + 1.0009093788693142 * cos(t)sin(x){power: 1.0} + -6.0110470846576085 * u{power: 1.0} * du/dx1{power: 1.0} = du/dx0{power: 1.0},
ks,default,0.0,0,timeout,pde_1d,True,,900.0,,,,,,,,
ks,default,0.0,1,timeout,pde_1d,True,,900.0,,,,,,,,
ks,default,0.0,2,timeout,pde_1d,True,,900.0,,,,,,,,
ks,default,0.0,3,timeout,pde_1d,True,,900.0,,,,,,,,
ks,default,0.0,4,timeout,pde_1d,True,,900.0,,,,,,,,
ks,pysindy,0.0,0,ok,pde_1d,True,344.22947991600086,344.6083246249909,1.0,False,False,1.0,1.0,,-1.0026592570096973 * d^2u/dx1^2{power: 1.0} + -1.0000622144462674 * d^4u/dx1^4{power: 1.0} + -0.9920059083936228 * u{power: 1.0} * du/dx1{power: 1.0} + -0.02182960333164495 * du/dx1{power: 1.0} * d^2u/dx1^2{power: 1.0} = du/dx0{power: 1.0},
ks,pysindy,0.0,1,ok,pde_1d,True,364.8207851250045,365.2095315829938,1.0,False,False,1.0,1.0,,-1.0026111893494105 * d^2u/dx1^2{power: 1.0} + -1.000040328021158 * d^4u/dx1^4{power: 1.0} + -0.9919782370025213 * u{power: 1.0} * du/dx1{power: 1.0} + -0.021791218828573485 * du/dx1{power: 1.0} * d^2u/dx1^2{power: 1.0} = du/dx0{power: 1.0},
ks,pysindy,0.0,2,ok,pde_1d,True,225.23281779199897,225.7205027500022,1.0,False,False,1.0,1.0,,-1.0025563910725448 * d^2u/dx1^2{power: 1.0} + -1.0000531501794179 * d^4u/dx1^4{power: 1.0} + -0.9920399962974343 * u{power: 1.0} * du/dx1{power: 1.0} + -0.021791993279263424 * du/dx1{power: 1.0} * d^2u/dx1^2{power: 1.0} = du/dx0{power: 1.0},
ks,pysindy,0.0,3,ok,pde_1d,True,201.55361133400584,201.79608024998743,1.0,False,False,1.0,1.0,,-1.0025250480583148 * d^2u/dx1^2{power: 1.0} + -0.9999845923627536 * d^4u/dx1^4{power: 1.0} + -0.9918924764899498 * u{power: 1.0} * du/dx1{power: 1.0} + -0.021804835864186068 * du/dx1{power: 1.0} * d^2u/dx1^2{power: 1.0} = du/dx0{power: 1.0},
ks,pysindy,0.0,4,ok,pde_1d,True,194.22727591599687,194.46880841700477,1.0,False,False,1.0,1.0,,-1.0026148796936452 * d^2u/dx1^2{power: 1.0} + -1.0000626614430514 * d^4u/dx1^4{power: 1.0} + -0.9920018727898946 * u{power: 1.0} * du/dx1{power: 1.0} + -0.021780086381219442 * du/dx1{power: 1.0} * d^2u/dx1^2{power: 1.0} = du/dx0{power: 1.0},
lorenz,default,0.0,0,ok,ode_system,True,177.1053864580026,178.46681104198797,21.0,False,False,7.0,12.0,,/ -9.994429205124012 * u{power: 1.0} + 9.994478222808194 * v{power: 1.0} + 0.0 = du/dx0{power: 1.0} | | 31.25971823773559 * v{power: 3.0} + -94.14747889933284 * u{power: 3.0} + 0.0 = w{power: 2.0} * dv/dx0{power: 1.0} | \ 1.0381149025738072 * u{power: 2.0} + -0.13061765765101782 * w{power: 2.0} + 0.23214958465214544 * v{power: 2.0} + 0.0 = dw/dx0{power: 1.0},
lorenz,default,0.0,1,ok,ode_system,True,176.8337124170066,178.40431245799118,16.0,False,False,5.0,5.0,,/ 9.994478222808194 * v{power: 1.0} + -9.994429205124014 * u{power: 1.0} + 0.0 = du/dx0{power: 1.0} | | 25.464023476345716 * u{power: 1.0} + -0.9489161998726762 * w{power: 1.0} * u{power: 1.0} + 0.0 = dv/dx0{power: 1.0} | \ 1.5035785878502204 * u{power: 2.0} + -0.004625899010663369 * w{power: 3.0} + 0.0 = dw/dx0{power: 1.0},
lorenz,default,0.0,2,ok,ode_system,True,176.64153787500982,178.22755004100327,36.0,False,False,6.0,17.0,,/ -2.299831145069932 * w{power: 3.0} + 5.1834971405337855 * dw/dx0{power: 2.0} + 0.0 = u{power: 3.0} * du/dx0{power: 1.0} | | -9.598914380645855 * v{power: 2.0} + 3.1526105552400208 * v{power: 1.0} * du/dx0{power: 1.0} + 0.0 = u{power: 1.0} * dv/dx0{power: 1.0} | \ -0.004625899010663369 * w{power: 3.0} + 1.5035785878502206 * u{power: 2.0} + 0.0 = dw/dx0{power: 1.0},
lorenz,default,0.0,3,ok,ode_system,True,174.8739002920047,176.4067693750112,21.0,False,False,5.0,6.0,,/ 9.994478222808196 * v{power: 1.0} + -9.994429205124016 * u{power: 1.0} + 0.0 = du/dx0{power: 1.0} | | 25.464023476345705 * u{power: 1.0} + -0.9489161998726757 * w{power: 1.0} * u{power: 1.0} + 0.0 = dv/dx0{power: 1.0} | \ 0.0031334218185407017 * v{power: 3.0} * w{power: 3.0} + 0.0 = u{power: 3.0} * dw/dx0{power: 1.0},
lorenz,default,0.0,4,ok,ode_system,True,171.40200258301047,172.92020454100566,19.0,False,False,10.0,12.0,,/ -9.994429205124012 * u{power: 1.0} + 9.994478222808194 * v{power: 1.0} + 0.0 = du/dx0{power: 1.0} | | -94.14747889933284 * u{power: 3.0} + 31.259718237735598 * v{power: 3.0} + 0.0 = w{power: 2.0} * dv/dx0{power: 1.0} | \ -0.2840721576971348 * w{power: 2.0} + 0.707778342326952 * v{power: 2.0} + 0.0064675634488099406 * w{power: 3.0} + 0.0 = dw/dx0{power: 1.0},
lorenz,pysindy,0.0,0,ok,ode_system,True,2.40995387500152,2.476388750001206,1.0,True,True,0.0,0.0,0.0020363651410747795,-9.993969938050684 * u{power: 1.0} + 9.994020499695242 * v{power: 1.0} = du/dx0{power: 1.0} | 27.945670286981187 * u{power: 1.0} + -0.9892531438282571 * v{power: 1.0} + -0.9985079365661678 * u{power: 1.0} * w{power: 1.0} = dv/dx0{power: 1.0} | -2.664519798729717 * w{power: 1.0} + 0.9992406851880509 * u{power: 1.0} * v{power: 1.0} = dw/dx0{power: 1.0},
lorenz,pysindy,0.0,1,ok,ode_system,True,2.366330292003113,2.4131289170036325,1.0,True,True,0.0,0.0,0.0020363651410747795,-9.993969938050684 * u{power: 1.0} + 9.994020499695242 * v{power: 1.0} = du/dx0{power: 1.0} | 27.945670286981187 * u{power: 1.0} + -0.9892531438282571 * v{power: 1.0} + -0.9985079365661678 * u{power: 1.0} * w{power: 1.0} = dv/dx0{power: 1.0} | -2.664519798729717 * w{power: 1.0} + 0.9992406851880509 * u{power: 1.0} * v{power: 1.0} = dw/dx0{power: 1.0},
lorenz,pysindy,0.0,2,ok,ode_system,True,2.2542272080027033,2.305728833001922,1.0,True,True,0.0,0.0,0.0020363651410747795,-9.993969938050684 * u{power: 1.0} + 9.994020499695242 * v{power: 1.0} = du/dx0{power: 1.0} | 27.945670286981187 * u{power: 1.0} + -0.9892531438282571 * v{power: 1.0} + -0.9985079365661678 * u{power: 1.0} * w{power: 1.0} = dv/dx0{power: 1.0} | -2.664519798729717 * w{power: 1.0} + 0.9992406851880509 * u{power: 1.0} * v{power: 1.0} = dw/dx0{power: 1.0},
lorenz,pysindy,0.0,3,ok,ode_system,True,2.2849355829966953,2.331004000006942,1.0,True,True,0.0,0.0,0.0020363651410747795,-9.993969938050684 * u{power: 1.0} + 9.994020499695242 * v{power: 1.0} = du/dx0{power: 1.0} | 27.945670286981187 * u{power: 1.0} + -0.9892531438282571 * v{power: 1.0} + -0.9985079365661678 * u{power: 1.0} * w{power: 1.0} = dv/dx0{power: 1.0} | -2.664519798729717 * w{power: 1.0} + 0.9992406851880509 * u{power: 1.0} * v{power: 1.0} = dw/dx0{power: 1.0},
lorenz,pysindy,0.0,4,ok,ode_system,True,2.15810795899597,2.205522166012088,1.0,True,True,0.0,0.0,0.0020363651410747795,-9.993969938050684 * u{power: 1.0} + 9.994020499695242 * v{power: 1.0} = du/dx0{power: 1.0} | 27.945670286981187 * u{power: 1.0} + -0.9892531438282571 * v{power: 1.0} + -0.9985079365661678 * u{power: 1.0} * w{power: 1.0} = dv/dx0{power: 1.0} | -2.664519798729717 * w{power: 1.0} + 0.9992406851880509 * u{power: 1.0} * v{power: 1.0} = dw/dx0{power: 1.0},
lv,default,0.0,0,ok,ode_system,True,47.426251500000944,48.9071914160013,4.0,False,False,9.0,9.0,,/ -19.893298642850294 * v{power: 1.0} * u{power: 1.0} + 19.914775714713443 * u{power: 1.0} + 0.0 = du/dx0{power: 1.0} | \ 3.201382993755198 * u{power: 2.0} * dv/dx0{power: 1.0} + 0.04909600016067356 * du/dx0{power: 1.0} * u{power: 3.0} + 23.805661405052575 * du/dx0{power: 1.0} * v{power: 1.0} + 369.71749753727283 * v{power: 2.0} + -1.1322844471556803 * du/dx0{power: 1.0} * dv/dx0{power: 1.0} + 0.0 = dv/dx0{power: 2.0},
lv,default,0.0,1,ok,ode_system,True,46.04142745799618,47.73551591699652,5.0,True,True,0.0,0.0,0.004396767917170275,/ 19.91477571471347 * u{power: 1.0} + -19.893298642850308 * u{power: 1.0} * v{power: 1.0} + 0.0 = du/dx0{power: 1.0} | \ -19.939415745966038 * v{power: 1.0} + 19.90076846309656 * v{power: 1.0} * u{power: 1.0} + 0.0 = dv/dx0{power: 1.0},
lv,default,0.0,2,ok,ode_system,True,42.495120917010354,43.958098999995855,4.0,False,False,7.0,7.0,,/ 19.15929908337387 * v{power: 2.0} * u{power: 1.0} + -19.80980763713062 * u{power: 1.0} * v{power: 3.0} + -0.0013151036233824233 * dv/dx0{power: 1.0} * du/dx0{power: 1.0} + 0.0 = du/dx0{power: 1.0} * v{power: 2.0} | \ 19.900768463096558 * v{power: 1.0} * u{power: 1.0} + -19.93941574596603 * v{power: 1.0} + 0.0 = dv/dx0{power: 1.0},
lv,default,0.0,3,ok,ode_system,True,42.822352917006356,44.06749800000398,4.0,True,True,0.0,0.0,0.004396767917169519,/ -19.893298642850308 * v{power: 1.0} * u{power: 1.0} + 19.91477571471347 * u{power: 1.0} + 0.0 = du/dx0{power: 1.0} | \ -19.939415745966073 * v{power: 1.0} + 19.900768463096586 * u{power: 1.0} * v{power: 1.0} + 0.0 = dv/dx0{power: 1.0},
lv,default,0.0,4,ok,ode_system,True,41.7942543340032,43.43203204100428,4.0,False,False,2.0,2.0,,/ -19.893298642850294 * v{power: 1.0} * u{power: 1.0} + 19.914775714713443 * u{power: 1.0} + 0.0 = du/dx0{power: 1.0} | \ -19.595047645467172 * v{power: 1.0} + 19.90591895297481 * u{power: 1.0} * v{power: 1.0} + -0.3239341189056305 * v{power: 2.0} + 0.05934093114014798 * v{power: 3.0} + 0.0 = dv/dx0{power: 1.0},
lv,pysindy,0.0,0,ok,ode_system,True,1.559869417003938,1.6047772080055438,1.0,True,True,0.0,0.0,0.004153188989722967,19.91794813354266 * u{power: 1.0} + -19.89455182761548 * u{power: 1.0} * v{power: 1.0} = du/dx0{power: 1.0} | -19.950086550995454 * v{power: 1.0} + 19.90515836866857 * u{power: 1.0} * v{power: 1.0} = dv/dx0{power: 1.0},
lv,pysindy,0.0,1,ok,ode_system,True,1.662434583005961,1.7096796249970794,1.0,True,True,0.0,0.0,0.004153188989722967,19.91794813354266 * u{power: 1.0} + -19.89455182761548 * u{power: 1.0} * v{power: 1.0} = du/dx0{power: 1.0} | -19.950086550995454 * v{power: 1.0} + 19.90515836866857 * u{power: 1.0} * v{power: 1.0} = dv/dx0{power: 1.0},
lv,pysindy,0.0,2,ok,ode_system,True,1.5065592079918133,1.5504029580042697,1.0,True,True,0.0,0.0,0.004153188989722967,19.91794813354266 * u{power: 1.0} + -19.89455182761548 * u{power: 1.0} * v{power: 1.0} = du/dx0{power: 1.0} | -19.950086550995454 * v{power: 1.0} + 19.90515836866857 * u{power: 1.0} * v{power: 1.0} = dv/dx0{power: 1.0},
lv,pysindy,0.0,3,ok,ode_system,True,1.5872240419994341,1.6325799589976668,1.0,True,True,0.0,0.0,0.004153188989722967,19.91794813354266 * u{power: 1.0} + -19.89455182761548 * u{power: 1.0} * v{power: 1.0} = du/dx0{power: 1.0} | -19.950086550995454 * v{power: 1.0} + 19.90515836866857 * u{power: 1.0} * v{power: 1.0} = dv/dx0{power: 1.0},
lv,pysindy,0.0,4,ok,ode_system,True,1.5316342080041068,1.5766012920066714,1.0,True,True,0.0,0.0,0.004153188989722967,19.91794813354266 * u{power: 1.0} + -19.89455182761548 * u{power: 1.0} * v{power: 1.0} = du/dx0{power: 1.0} | -19.950086550995454 * v{power: 1.0} + 19.90515836866857 * u{power: 1.0} * v{power: 1.0} = dv/dx0{power: 1.0},
ns,default,0.0,0,timeout,pde_2d,True,,900.0,,,,,,,,
ns,default,0.0,1,timeout,pde_2d,True,,900.0,,,,,,,,
ns,default,0.0,2,timeout,pde_2d,True,,900.0,,,,,,,,
ns,default,0.0,3,timeout,pde_2d,True,,900.0,,,,,,,,
ns,default,0.0,4,timeout,pde_2d,True,,900.0,,,,,,,,
ns,pysindy,0.0,0,unsupported,pde_2d,True,,0.157704458993976,,,,,,,,the baseline cannot represent the spatial continuity equation; one temporal equation per variable would substitute p_t for continuity
ns,pysindy,0.0,1,unsupported,pde_2d,True,,0.10805066600732971,,,,,,,,the baseline cannot represent the spatial continuity equation; one temporal equation per variable would substitute p_t for continuity
ns,pysindy,0.0,2,unsupported,pde_2d,True,,0.10824483299802523,,,,,,,,the baseline cannot represent the spatial continuity equation; one temporal equation per variable would substitute p_t for continuity
ns,pysindy,0.0,3,unsupported,pde_2d,True,,0.10953695799980778,,,,,,,,the baseline cannot represent the spatial continuity equation; one temporal equation per variable would substitute p_t for continuity
ns,pysindy,0.0,4,unsupported,pde_2d,True,,0.10976183299499098,,,,,,,,the baseline cannot represent the spatial continuity equation; one temporal equation per variable would substitute p_t for continuity
ode,default,0.0,0,ok,ode,True,12.31413541699294,13.807258540997282,1.0,True,True,0.0,0.0,0.005791878178453848,"-3.98448568355491 * u{power: 1.0} + 1.4969734589992256 * x{power: 1.0, dim: 0.0} + -0.9885206385764272 * du/dx0{power: 1.0} * sin{power: 1.0, freq: 2.0, dim: 0.0} + 0.0 = d^2u/dx0^2{power: 1.0}",
ode,default,0.0,1,ok,ode,True,12.099894292012323,13.593328458009637,4.0,True,False,0.0,2.0,0.005791878178453737,"-3.9928461137402143 * u{power: 1.0} + -1.0236942955930886 * du/dx0{power: 1.0} * sin{power: 1.0, freq: 2.0, dim: 0.0} + 1.4954610205910943 * x{power: 1.0, dim: 0.0} + 0.037028806572426624 * u{power: 1.0} * du/dx0{power: 1.0} + -0.014739162999305628 * x{power: 1.0, dim: 0.0} * du/dx0{power: 1.0} + 0.0 = d^2u/dx0^2{power: 1.0}",
ode,default,0.0,2,ok,ode,True,11.300167334004072,12.33555004200025,1.0,False,False,10.0,10.0,,"0.4085836624194926 * x{power: 1.0, dim: 0.0} * d^2u/dx0^2{power: 1.0} + -0.3427371347653655 * x{power: 2.0, dim: 0.0} + -0.1181891246487391 * d^2u/dx0^2{power: 2.0} + -2.07319541232444 * u{power: 2.0} + 1.6885496049131234 * x{power: 1.0, dim: 0.0} * u{power: 1.0} + 0.0 = u{power: 1.0} * d^2u/dx0^2{power: 1.0}",
ode,default,0.0,3,ok,ode,True,13.319717500009574,14.328022333007539,2.0,True,True,0.0,0.0,0.005791878178453737,"1.4969734589992256 * x{power: 1.0, dim: 0.0} + -3.9844856835549103 * u{power: 1.0} + -0.9885206385764275 * du/dx0{power: 1.0} * sin{power: 1.0, freq: 2.0, dim: 0.0} + 0.0 = d^2u/dx0^2{power: 1.0}",
ode,default,0.0,4,ok,ode,True,14.139520208002068,15.224976958008483,2.0,True,True,0.0,0.0,0.005791878178453576,"-0.9885206385764261 * du/dx0{power: 1.0} * sin{power: 1.0, freq: 2.0, dim: 0.0} + 1.4969734589992272 * x{power: 1.0, dim: 0.0} + -3.9844856835549134 * u{power: 1.0} + 0.0 = d^2u/dx0^2{power: 1.0}",
ode,pysindy,0.0,0,ok,ode,True,1.2568631250032922,1.2929436249978608,1.0,True,True,0.0,0.0,0.006260707854146095,"-3.9796916516467076 * u{power: 1.0} + 1.4941527967632884 * x{power: 1.0, dim: 0.0} + -0.9901930990170259 * du/dx0{power: 1.0} * sin{power: 1.0, freq: 2.0, dim: 0.0} = d^2u/dx0^2{power: 1.0}",
ode,pysindy,0.0,1,ok,ode,True,1.2188460839970503,1.2546056249993853,1.0,True,True,0.0,0.0,0.006260707854146095,"-3.9796916516467076 * u{power: 1.0} + 1.4941527967632884 * x{power: 1.0, dim: 0.0} + -0.9901930990170259 * du/dx0{power: 1.0} * sin{power: 1.0, freq: 2.0, dim: 0.0} = d^2u/dx0^2{power: 1.0}",
ode,pysindy,0.0,2,ok,ode,True,1.237075625002035,1.274688542005606,1.0,True,True,0.0,0.0,0.006260707854146095,"-3.9796916516467076 * u{power: 1.0} + 1.4941527967632884 * x{power: 1.0, dim: 0.0} + -0.9901930990170259 * du/dx0{power: 1.0} * sin{power: 1.0, freq: 2.0, dim: 0.0} = d^2u/dx0^2{power: 1.0}",
ode,pysindy,0.0,3,ok,ode,True,1.2243682499974966,1.2611405420029769,1.0,True,True,0.0,0.0,0.006260707854146095,"-3.9796916516467076 * u{power: 1.0} + 1.4941527967632884 * x{power: 1.0, dim: 0.0} + -0.9901930990170259 * du/dx0{power: 1.0} * sin{power: 1.0, freq: 2.0, dim: 0.0} = d^2u/dx0^2{power: 1.0}",
ode,pysindy,0.0,4,ok,ode,True,1.67822812499071,1.716173875000095,1.0,True,True,0.0,0.0,0.006260707854146095,"-3.9796916516467076 * u{power: 1.0} + 1.4941527967632884 * x{power: 1.0, dim: 0.0} + -0.9901930990170259 * du/dx0{power: 1.0} * sin{power: 1.0, freq: 2.0, dim: 0.0} = d^2u/dx0^2{power: 1.0}",
pde_compound,default,0.0,0,ok,pde_1d,True,154.44522912500543,156.8956524170062,1.0,True,True,0.0,0.0,0.004963310458982018,0.9990966019165621 * du/dx0{power: 1.0} + -1.008110857060776 * du/dx1{power: 2.0} + 0.0 = u{power: 1.0} * d^2u/dx1^2{power: 1.0},
pde_compound,default,0.0,1,ok,pde_1d,True,124.85348516699742,126.7603495420044,1.0,True,True,0.0,0.0,0.004963310458982018,0.9990966019165621 * du/dx0{power: 1.0} + -1.008110857060776 * du/dx1{power: 2.0} + 0.0 = d^2u/dx1^2{power: 1.0} * u{power: 1.0},
pde_compound,default,0.0,2,ok,pde_1d,True,124.87140866598929,126.60290416699718,1.0,True,True,0.0,0.0,0.00496331045898335,0.9990966019165615 * du/dx0{power: 1.0} + -1.0081108570607773 * du/dx1{power: 2.0} + 0.0 = d^2u/dx1^2{power: 1.0} * u{power: 1.0},
pde_compound,default,0.0,3,ok,pde_1d,True,144.0984177079954,145.86132937499497,2.0,True,True,0.0,0.0,0.004963310458982018,0.9990966019165621 * du/dx0{power: 1.0} + -1.008110857060776 * du/dx1{power: 2.0} + 0.0 = d^2u/dx1^2{power: 1.0} * u{power: 1.0},
pde_compound,default,0.0,4,ok,pde_1d,True,150.16400666699337,152.11485983300372,1.0,True,True,0.0,0.0,0.004963310458982018,0.9990966019165621 * du/dx0{power: 1.0} + -1.008110857060776 * du/dx1{power: 2.0} + 0.0 = d^2u/dx1^2{power: 1.0} * u{power: 1.0},
pde_compound,pysindy,0.0,0,ok,pde_1d,True,49.37985516698973,49.463596959001734,1.0,True,True,0.0,0.0,0.004957016364636746,1.009011576035727 * du/dx1{power: 2.0} + 1.0009024566935465 * u{power: 1.0} * d^2u/dx1^2{power: 1.0} = du/dx0{power: 1.0},
pde_compound,pysindy,0.0,1,ok,pde_1d,True,33.0760662919929,33.16234766699199,1.0,True,True,0.0,0.0,0.004957016364636746,1.009011576035727 * du/dx1{power: 2.0} + 1.0009024566935465 * u{power: 1.0} * d^2u/dx1^2{power: 1.0} = du/dx0{power: 1.0},
pde_compound,pysindy,0.0,2,ok,pde_1d,True,33.619231083997875,33.69159974998911,1.0,True,True,0.0,0.0,0.004957016364636746,1.009011576035727 * du/dx1{power: 2.0} + 1.0009024566935465 * u{power: 1.0} * d^2u/dx1^2{power: 1.0} = du/dx0{power: 1.0},
pde_compound,pysindy,0.0,3,ok,pde_1d,True,33.32684941600019,33.39310945800389,1.0,True,True,0.0,0.0,0.004957016364636746,1.009011576035727 * du/dx1{power: 2.0} + 1.0009024566935465 * u{power: 1.0} * d^2u/dx1^2{power: 1.0} = du/dx0{power: 1.0},
pde_compound,pysindy,0.0,4,ok,pde_1d,True,32.176387832994806,32.22064100000716,1.0,True,True,0.0,0.0,0.004957016364636746,1.009011576035727 * du/dx1{power: 2.0} + 1.0009024566935465 * u{power: 1.0} * d^2u/dx1^2{power: 1.0} = du/dx0{power: 1.0},
pde_divide,default,0.0,0,ok,pde_1d,True,277.84864287500386,279.3264171250048,1.0,True,True,0.0,0.0,0.00012155240534078571,"0.5001158970161246 * x{power: 1.0, dim: 1.0} * d^2u/dx1^2{power: 1.0} + -1.9999773784431352 * du/dx1{power: 1.0} + 0.0 = du/dx0{power: 1.0} * x{power: 1.0, dim: 1.0}",
pde_divide,default,0.0,1,ok,pde_1d,True,284.00653308301116,285.40039616699505,1.0,True,True,0.0,0.0,0.0001215524053407302,"0.5001158970161249 * x{power: 1.0, dim: 1.0} * d^2u/dx1^2{power: 1.0} + -1.9999773784431367 * du/dx1{power: 1.0} + 0.0 = x{power: 1.0, dim: 1.0} * du/dx0{power: 1.0}",
pde_divide,default,0.0,2,ok,pde_1d,True,292.38570212500053,293.7252082920022,1.0,True,True,0.0,0.0,0.00012155240534039713,"-1.9999773784431385 * du/dx1{power: 1.0} + 0.500115897016125 * x{power: 1.0, dim: 1.0} * d^2u/dx1^2{power: 1.0} + 0.0 = x{power: 1.0, dim: 1.0} * du/dx0{power: 1.0}",
pde_divide,default,0.0,3,ok,pde_1d,True,265.5554478330014,266.65678012500575,1.0,True,True,0.0,0.0,0.0001215524053407302,"0.5001158970161249 * d^2u/dx1^2{power: 1.0} * x{power: 1.0, dim: 1.0} + -1.9999773784431367 * du/dx1{power: 1.0} + 0.0 = x{power: 1.0, dim: 1.0} * du/dx0{power: 1.0}",
pde_divide,default,0.0,4,ok,pde_1d,True,332.36786316699,333.61930079199374,1.0,True,True,0.0,0.0,0.0001215524053407302,"0.5001158970161249 * d^2u/dx1^2{power: 1.0} * x{power: 1.0, dim: 1.0} + -1.9999773784431367 * du/dx1{power: 1.0} + 0.0 = du/dx0{power: 1.0} * x{power: 1.0, dim: 1.0}",
pde_divide,pysindy,0.0,0,unsupported,pde_1d,True,,0.06774758399114944,,,,,,,,the baseline cannot represent x*u_t on the left-hand side and has no inverse-x coefficient token
pde_divide,pysindy,0.0,1,unsupported,pde_1d,True,,0.04165729098895099,,,,,,,,the baseline cannot represent x*u_t on the left-hand side and has no inverse-x coefficient token
pde_divide,pysindy,0.0,2,unsupported,pde_1d,True,,0.04453316600120161,,,,,,,,the baseline cannot represent x*u_t on the left-hand side and has no inverse-x coefficient token
pde_divide,pysindy,0.0,3,unsupported,pde_1d,True,,0.044343125002342276,,,,,,,,the baseline cannot represent x*u_t on the left-hand side and has no inverse-x coefficient token
pde_divide,pysindy,0.0,4,unsupported,pde_1d,True,,0.045786582995788194,,,,,,,,the baseline cannot represent x*u_t on the left-hand side and has no inverse-x coefficient token
vdp,default,0.0,0,ok,ode,True,28.25678304200119,29.60748083300132,1.0,True,True,0.0,0.0,0.0028953514626350783,0.19932724586034573 * du/dx0{power: 1.0} + -0.1990215657127575 * du/dx0{power: 1.0} * u{power: 2.0} + -0.9995698877465787 * u{power: 1.0} + 0.0 = d^2u/dx0^2{power: 1.0},
vdp,default,0.0,1,ok,ode,True,26.000467082994874,27.32451070800016,1.0,True,True,0.0,0.0,0.0028953514626349854,0.19932724586034575 * du/dx0{power: 1.0} + -0.9995698877465787 * u{power: 1.0} + -0.19902156571275753 * u{power: 2.0} * du/dx0{power: 1.0} + 0.0 = d^2u/dx0^2{power: 1.0},
vdp,default,0.0,2,ok,ode,True,26.401164875001996,27.62725758299348,1.0,True,True,0.0,0.0,0.0028953514626347265,-0.1990215657127576 * u{power: 2.0} * du/dx0{power: 1.0} + -0.999569887746579 * u{power: 1.0} + 0.1993272458603458 * du/dx0{power: 1.0} + 0.0 = d^2u/dx0^2{power: 1.0},
vdp,default,0.0,3,ok,ode,True,26.56331791600678,27.744848166010343,1.0,True,True,0.0,0.0,0.0028953514626346524,-0.1990215657127576 * du/dx0{power: 1.0} * u{power: 2.0} + 0.1993272458603458 * du/dx0{power: 1.0} + -0.9995698877465792 * u{power: 1.0} + 0.0 = d^2u/dx0^2{power: 1.0},
vdp,default,0.0,4,ok,ode,True,25.58412070799386,27.204748625008506,1.0,True,True,0.0,0.0,0.0028953514626349854,0.19932724586034575 * du/dx0{power: 1.0} + -0.9995698877465787 * u{power: 1.0} + -0.19902156571275753 * du/dx0{power: 1.0} * u{power: 2.0} + 0.0 = d^2u/dx0^2{power: 1.0},
vdp,pysindy,0.0,0,ok,ode,True,1.7802169579954352,1.8276817919977475,1.0,True,True,0.0,0.0,0.0029439810433857885,-0.9995815730258184 * u{power: 1.0} + 0.19934227544196303 * du/dx0{power: 1.0} + -0.19897502132684183 * u{power: 2.0} * du/dx0{power: 1.0} = d^2u/dx0^2{power: 1.0},
vdp,pysindy,0.0,1,ok,ode,True,1.435210041992832,1.4776187079987722,1.0,True,True,0.0,0.0,0.0029439810433857885,-0.9995815730258184 * u{power: 1.0} + 0.19934227544196303 * du/dx0{power: 1.0} + -0.19897502132684183 * u{power: 2.0} * du/dx0{power: 1.0} = d^2u/dx0^2{power: 1.0},
vdp,pysindy,0.0,2,ok,ode,True,1.444006707999506,1.4853817920084111,1.0,True,True,0.0,0.0,0.0029439810433857885,-0.9995815730258184 * u{power: 1.0} + 0.19934227544196303 * du/dx0{power: 1.0} + -0.19897502132684183 * u{power: 2.0} * du/dx0{power: 1.0} = d^2u/dx0^2{power: 1.0},
vdp,pysindy,0.0,3,ok,ode,True,1.4544945410016226,1.4972872919897782,1.0,True,True,0.0,0.0,0.0029439810433857885,-0.9995815730258184 * u{power: 1.0} + 0.19934227544196303 * du/dx0{power: 1.0} + -0.19897502132684183 * u{power: 2.0} * du/dx0{power: 1.0} = d^2u/dx0^2{power: 1.0},
vdp,pysindy,0.0,4,ok,ode,True,1.5015284580003936,1.5500346249900758,1.0,True,True,0.0,0.0,0.0029439810433857885,-0.9995815730258184 * u{power: 1.0} + 0.19934227544196303 * du/dx0{power: 1.0} + -0.19897502132684183 * u{power: 2.0} * du/dx0{power: 1.0} = d^2u/dx0^2{power: 1.0},
wave,default,0.0,0,ok,pde_1d,True,70.63619158399524,72.38937145798991,2.0,True,True,0.0,0.0,0.006775984890467629,0.040271039395618706 * d^2u/dx1^2{power: 1.0} + 0.0 = d^2u/dx0^2{power: 1.0},
wave,default,0.0,1,ok,pde_1d,True,63.66739962500287,65.61692529200809,1.0,True,True,0.0,0.0,1.0720277272838004e-11,48.678692380767835 * d^2u/dx0^2{power: 1.0} * d^2u/dx1^2{power: 1.0} + -591.9797844621303 * d^2u/dx0^2{power: 2.0} + 0.0 = d^2u/dx1^2{power: 2.0},
wave,default,0.0,2,ok,pde_1d,True,62.85728145799658,64.6641272919951,1.0,True,True,0.0,0.0,1.0720277272838004e-11,48.678692380767835 * d^2u/dx1^2{power: 1.0} * d^2u/dx0^2{power: 1.0} + -591.9797844621303 * d^2u/dx0^2{power: 2.0} + 0.0 = d^2u/dx1^2{power: 2.0},
wave,default,0.0,3,ok,pde_1d,True,63.37404595800035,65.0310741669964,2.0,True,True,0.0,0.0,0.006775984890467629,0.040271039395618706 * d^2u/dx1^2{power: 1.0} + 0.0 = d^2u/dx0^2{power: 1.0},
wave,default,0.0,4,ok,pde_1d,True,70.94453995799995,72.58920079100062,2.0,True,True,0.0,0.0,0.006775984890467629,0.040271039395618706 * d^2u/dx1^2{power: 1.0} + 0.0 = d^2u/dx0^2{power: 1.0},
wave,pysindy,0.0,0,ok,pde_1d,True,7.820955957999104,7.8937553750001825,1.0,True,True,0.0,0.0,0.0052656207426379775,0.04021062482970552 * d^2u/dx1^2{power: 1.0} = d^2u/dx0^2{power: 1.0},
wave,pysindy,0.0,1,ok,pde_1d,True,7.663087042004918,7.714167582991649,1.0,True,True,0.0,0.0,0.0052656207426379775,0.04021062482970552 * d^2u/dx1^2{power: 1.0} = d^2u/dx0^2{power: 1.0},
wave,pysindy,0.0,2,ok,pde_1d,True,7.632495791986003,7.685282790989731,1.0,True,True,0.0,0.0,0.0052656207426379775,0.04021062482970552 * d^2u/dx1^2{power: 1.0} = d^2u/dx0^2{power: 1.0},
wave,pysindy,0.0,3,ok,pde_1d,True,7.571671707992209,7.621892665993073,1.0,True,True,0.0,0.0,0.0052656207426379775,0.04021062482970552 * d^2u/dx1^2{power: 1.0} = d^2u/dx0^2{power: 1.0},
wave,pysindy,0.0,4,ok,pde_1d,True,8.115931499996805,8.166351917010616,1.0,True,True,0.0,0.0,0.0052656207426379775,0.04021062482970552 * d^2u/dx1^2{power: 1.0} = d^2u/dx0^2{power: 1.0},
