dataset,variant,noise,kind,runs,planned,pending,unsupported,success_front,success_selected,median_fit_s,median_coef_error,ranking_comparable
ac,default,0.0,pde_1d,5,5,0,0,0.8,0.0,39.70132554099837,0.12176063011767406,True
ac,pysindy,0.0,pde_1d,5,5,0,0,0.0,0.0,8.957003624993376,,True
burgers,default,0.0,pde_1d,5,5,0,0,1.0,0.6,62.11304820800433,0.006912078397559265,True
burgers,pysindy,0.0,pde_1d,5,5,0,0,1.0,1.0,23.654826708007022,0.007043133000736876,True
burgers_inviscid,default,0.0,pde_1d,5,5,0,0,1.0,1.0,106.53053291600372,6.661338147750939e-16,True
burgers_inviscid,pysindy,0.0,pde_1d,5,5,0,0,1.0,1.0,10.892098083990277,4.617384247707079e-05,True
duffing,default,0.0,ode,5,5,0,0,1.0,1.0,34.634229832998244,0.0006712376434720094,True
duffing,pysindy,0.0,ode,5,5,0,0,1.0,1.0,1.7556259160046466,0.0007055890570776386,True
kdv,default,0.0,pde_1d,5,5,0,0,0.4,0.4,214.56527762500627,0.009699413352610597,True
kdv,pysindy,0.0,pde_1d,5,5,0,0,0.0,0.0,154.786734541005,,True
kdv_cossin,default,0.0,pde_1d,5,5,0,0,1.0,1.0,94.47713333299907,0.0009277134419876593,True
kdv_cossin,pysindy,0.0,pde_1d,5,5,0,0,1.0,1.0,7.101066999995965,0.0011403553825945058,True
ks,default,0.0,pde_1d,5,5,0,0,0.0,0.0,,,True
ks,pysindy,0.0,pde_1d,5,5,0,0,0.0,0.0,225.23281779199897,,True
lorenz,default,0.0,ode_system,5,5,0,0,0.0,0.0,176.64153787500982,,True
lorenz,pysindy,0.0,ode_system,5,5,0,0,1.0,1.0,2.2849355829966953,0.0020363651410747795,True
lv,default,0.0,ode_system,5,5,0,0,0.4,0.4,42.822352917006356,0.004396767917169897,True
lv,pysindy,0.0,ode_system,5,5,0,0,1.0,1.0,1.559869417003938,0.004153188989722967,True
ns,default,0.0,pde_2d,5,5,0,0,0.0,0.0,,,False
ns,pysindy,0.0,pde_2d,0,5,0,5,,,,,False
ode,default,0.0,ode,5,5,0,0,0.8,0.6,12.31413541699294,0.005791878178453737,True
ode,pysindy,0.0,ode,5,5,0,0,1.0,1.0,1.237075625002035,0.006260707854146095,True
pde_compound,default,0.0,pde_1d,5,5,0,0,1.0,1.0,144.0984177079954,0.004963310458982018,True
pde_compound,pysindy,0.0,pde_1d,5,5,0,0,1.0,1.0,33.32684941600019,0.004957016364636746,True
pde_divide,default,0.0,pde_1d,5,5,0,0,1.0,1.0,284.00653308301116,0.0001215524053407302,False
pde_divide,pysindy,0.0,pde_1d,0,5,0,5,,,,,False
vdp,default,0.0,ode,5,5,0,0,1.0,1.0,26.401164875001996,0.0028953514626349854,True
vdp,pysindy,0.0,ode,5,5,0,0,1.0,1.0,1.4544945410016226,0.0029439810433857885,True
wave,default,0.0,pde_1d,5,5,0,0,1.0,1.0,63.66739962500287,0.006775984890467629,True
wave,pysindy,0.0,pde_1d,5,5,0,0,1.0,1.0,7.663087042004918,0.0052656207426379775,True
